payment_id,voucher_id,amount_paid,payment_date,payment_method
1,5,150000.00,2026-05-06,Bank Deposit
2,6,150000.00,2026-05-06,Bank Deposit
3,7,150000.00,2026-05-06,Bank Deposit
4,8,150000.00,2026-05-06,Bank Deposit
5,9,150000.00,2026-05-06,Bank Deposit
6,10,150000.00,2026-05-06,Bank Deposit
7,11,150000.00,2026-05-06,Bank Deposit
8,12,150000.00,2026-05-06,Bank Deposit
9,13,150000.00,2026-05-06,Bank Deposit
10,14,150000.00,2026-05-06,Bank Deposit
11,15,150000.00,2026-05-06,Bank Deposit
12,16,150000.00,2026-05-06,Bank Deposit
13,17,150000.00,2026-05-06,Bank Deposit
14,18,150000.00,2026-05-06,Bank Deposit
15,19,150000.00,2026-05-06,Bank Deposit
16,20,150000.00,2026-05-06,Bank Deposit
17,21,150000.00,2026-05-06,Bank Deposit
18,22,150000.00,2026-05-06,Bank Deposit
19,23,150000.00,2026-05-06,Bank Deposit
20,24,150000.00,2026-05-06,Bank Deposit
21,25,150000.00,2026-05-06,Bank Deposit
22,26,150000.00,2026-05-06,Bank Deposit
23,27,150000.00,2026-05-06,Bank Deposit
24,28,150000.00,2026-05-06,Bank Deposit
25,29,150000.00,2026-05-06,Bank Deposit
26,30,150000.00,2026-05-06,Bank Deposit
27,31,150000.00,2026-05-06,Bank Deposit
28,32,150000.00,2026-05-06,Bank Deposit
29,33,150000.00,2026-05-06,Bank Deposit
30,34,150000.00,2026-05-06,Bank Deposit
31,35,150000.00,2026-05-06,Bank Deposit
32,36,150000.00,2026-05-06,Bank Deposit
33,37,150000.00,2026-05-06,Bank Deposit
34,38,150000.00,2026-05-06,Bank Deposit
35,39,150000.00,2026-05-06,Bank Deposit
36,40,150000.00,2026-05-06,Bank Deposit
37,41,150000.00,2026-05-06,Bank Deposit
38,42,150000.00,2026-05-06,Bank Deposit
39,43,150000.00,2026-05-06,Bank Deposit
40,44,150000.00,2026-05-06,Bank Deposit
41,45,150000.00,2026-05-06,Bank Deposit
42,46,150000.00,2026-05-06,Bank Deposit
43,47,150000.00,2026-05-06,Bank Deposit
44,48,150000.00,2026-05-06,Bank Deposit
45,49,150000.00,2026-05-06,Bank Deposit
46,50,150000.00,2026-05-06,Bank Deposit