registration_id,student_id,offering_id,registration_date,status,grade
1,36,1,2025-11-01 17:48:59.537328,Passed,A
2,36,2,2025-11-01 17:48:59.537328,Passed,B
3,36,3,2025-11-01 17:48:59.537328,Passed,C
4,36,4,2025-11-01 17:48:59.537328,Passed,B
5,36,5,2025-11-01 17:48:59.537328,Passed,A
6,36,6,2025-11-01 17:48:59.537328,Passed,B
7,36,7,2025-11-01 17:48:59.537328,Failed,F
8,36,8,2025-11-01 17:48:59.537328,Passed,B
9,36,9,2025-11-01 17:48:59.537328,Passed,B
10,37,1,2025-11-01 17:48:59.537328,Passed,B
11,37,2,2025-11-01 17:48:59.537328,Passed,B
12,37,3,2025-11-01 17:48:59.537328,Passed,B
13,37,4,2025-11-01 17:48:59.537328,Passed,B
14,37,5,2025-11-01 17:48:59.537328,Passed,B
15,37,6,2025-11-01 17:48:59.537328,Passed,B
16,37,7,2025-11-01 17:48:59.537328,Failed,F
17,37,8,2025-11-01 17:48:59.537328,Passed,B
18,37,9,2025-11-01 17:48:59.537328,Passed,A
19,38,1,2025-11-01 17:48:59.537328,Passed,B
20,38,2,2025-11-01 17:48:59.537328,Passed,B
21,38,3,2025-11-01 17:48:59.537328,Passed,B
22,38,4,2025-11-01 17:48:59.537328,Passed,B
23,38,5,2025-11-01 17:48:59.537328,Passed,B
24,38,6,2025-11-01 17:48:59.537328,Passed,B
25,38,7,2025-11-01 17:48:59.537328,Failed,F
26,38,8,2025-11-01 17:48:59.537328,Passed,B
27,38,9,2025-11-01 17:48:59.537328,Passed,B
28,39,1,2025-11-01 17:48:59.537328,Passed,B
29,39,2,2025-11-01 17:48:59.537328,Passed,B
30,39,3,2025-11-01 17:48:59.537328,Passed,B
31,39,4,2025-11-01 17:48:59.537328,Passed,B
32,39,5,2025-11-01 17:48:59.537328,Passed,B
33,39,6,2025-11-01 17:48:59.537328,Passed,B
34,39,7,2025-11-01 17:48:59.537328,Failed,F
35,39,8,2025-11-01 17:48:59.537328,Passed,B
36,39,9,2025-11-01 17:48:59.537328,Passed,B
37,40,1,2025-11-01 17:48:59.537328,Passed,B
38,40,2,2025-11-01 17:48:59.537328,Passed,B
39,40,3,2025-11-01 17:48:59.537328,Passed,B
40,40,4,2025-11-01 17:48:59.537328,Passed,B
41,40,5,2025-11-01 17:48:59.537328,Passed,B
42,40,6,2025-11-01 17:48:59.537328,Passed,B
43,40,7,2025-11-01 17:48:59.537328,Failed,F
44,40,8,2025-11-01 17:48:59.537328,Passed,A
45,40,9,2025-11-01 17:48:59.537328,Passed,B
46,41,1,2025-11-01 17:48:59.537328,Passed,B
47,41,2,2025-11-01 17:48:59.537328,Passed,B
48,41,3,2025-11-01 17:48:59.537328,Passed,B
49,41,4,2025-11-01 17:48:59.537328,Passed,B
50,41,5,2025-11-01 17:48:59.537328,Passed,B
51,41,6,2025-11-01 17:48:59.537328,Passed,B
52,41,7,2025-11-01 17:48:59.537328,Failed,F
53,41,8,2025-11-01 17:48:59.537328,Passed,B
54,41,9,2025-11-01 17:48:59.537328,Passed,B
55,42,1,2025-11-01 17:48:59.537328,Passed,B
56,42,2,2025-11-01 17:48:59.537328,Passed,A
57,42,3,2025-11-01 17:48:59.537328,Passed,B
58,42,4,2025-11-01 17:48:59.537328,Passed,B
59,42,5,2025-11-01 17:48:59.537328,Passed,B
60,42,6,2025-11-01 17:48:59.537328,Passed,B
61,42,7,2025-11-01 17:48:59.537328,Failed,F
62,42,8,2025-11-01 17:48:59.537328,Passed,B
63,42,9,2025-11-01 17:48:59.537328,Passed,B
64,43,1,2025-11-01 17:48:59.537328,Passed,B
65,43,2,2025-11-01 17:48:59.537328,Passed,A
66,43,3,2025-11-01 17:48:59.537328,Passed,B
67,43,4,2025-11-01 17:48:59.537328,Passed,B
68,43,5,2025-11-01 17:48:59.537328,Passed,B
69,43,6,2025-11-01 17:48:59.537328,Passed,B
70,43,7,2025-11-01 17:48:59.537328,Failed,F
71,43,8,2025-11-01 17:48:59.537328,Passed,B
72,43,9,2025-11-01 17:48:59.537328,Passed,B
73,44,1,2025-11-01 17:48:59.537328,Passed,B
74,44,2,2025-11-01 17:48:59.537328,Passed,B
75,44,3,2025-11-01 17:48:59.537328,Passed,B
76,44,4,2025-11-01 17:48:59.537328,Passed,B
77,44,5,2025-11-01 17:48:59.537328,Passed,B
78,44,6,2025-11-01 17:48:59.537328,Passed,B
79,44,7,2025-11-01 17:48:59.537328,Failed,F
80,44,8,2025-11-01 17:48:59.537328,Passed,B
81,44,9,2025-11-01 17:48:59.537328,Passed,B
82,45,1,2025-11-01 17:48:59.537328,Passed,A
83,45,2,2025-11-01 17:48:59.537328,Passed,B
84,45,3,2025-11-01 17:48:59.537328,Passed,B
85,45,4,2025-11-01 17:48:59.537328,Passed,B
86,45,5,2025-11-01 17:48:59.537328,Passed,B
87,45,6,2025-11-01 17:48:59.537328,Passed,B
88,45,7,2025-11-01 17:48:59.537328,Failed,F
89,45,8,2025-11-01 17:48:59.537328,Passed,B
90,45,9,2025-11-01 17:48:59.537328,Passed,B
91,46,1,2025-11-01 17:48:59.537328,Passed,B
92,46,2,2025-11-01 17:48:59.537328,Failed,F
93,46,3,2025-11-01 17:48:59.537328,Passed,B
94,46,4,2025-11-01 17:48:59.537328,Passed,B
95,46,5,2025-11-01 17:48:59.537328,Passed,B
96,46,6,2025-11-01 17:48:59.537328,Passed,B
97,46,7,2025-11-01 17:48:59.537328,Passed,B
98,46,8,2025-11-01 17:48:59.537328,Passed,B
99,46,9,2025-11-01 17:48:59.537328,Passed,B
100,47,1,2025-11-01 17:48:59.537328,Passed,B
101,47,2,2025-11-01 17:48:59.537328,Failed,F
102,47,3,2025-11-01 17:48:59.537328,Passed,B
103,47,4,2025-11-01 17:48:59.537328,Passed,B
104,47,5,2025-11-01 17:48:59.537328,Passed,B
105,47,6,2025-11-01 17:48:59.537328,Passed,B
106,47,7,2025-11-01 17:48:59.537328,Passed,B
107,47,8,2025-11-01 17:48:59.537328,Passed,B
108,47,9,2025-11-01 17:48:59.537328,Passed,B
109,48,1,2025-11-01 17:48:59.537328,Passed,B
110,48,2,2025-11-01 17:48:59.537328,Failed,F
111,48,3,2025-11-01 17:48:59.537328,Passed,B
112,48,4,2025-11-01 17:48:59.537328,Passed,B
113,48,5,2025-11-01 17:48:59.537328,Passed,B
114,48,6,2025-11-01 17:48:59.537328,Passed,B
115,48,7,2025-11-01 17:48:59.537328,Passed,B
116,48,8,2025-11-01 17:48:59.537328,Passed,B
117,48,9,2025-11-01 17:48:59.537328,Passed,B
118,49,1,2025-11-01 17:48:59.537328,Passed,B
119,49,2,2025-11-01 17:48:59.537328,Failed,F
120,49,3,2025-11-01 17:48:59.537328,Passed,B
121,49,4,2025-11-01 17:48:59.537328,Passed,B
122,49,5,2025-11-01 17:48:59.537328,Passed,B
123,49,6,2025-11-01 17:48:59.537328,Passed,B
124,49,7,2025-11-01 17:48:59.537328,Passed,B
125,49,8,2025-11-01 17:48:59.537328,Passed,B
126,49,9,2025-11-01 17:48:59.537328,Passed,B
127,50,1,2025-11-01 17:48:59.537328,Passed,B
128,50,2,2025-11-01 17:48:59.537328,Failed,F
129,50,3,2025-11-01 17:48:59.537328,Passed,B
130,50,4,2025-11-01 17:48:59.537328,Passed,B
131,50,5,2025-11-01 17:48:59.537328,Passed,B
132,50,6,2025-11-01 17:48:59.537328,Passed,B
133,50,7,2025-11-01 17:48:59.537328,Passed,B
134,50,8,2025-11-01 17:48:59.537328,Passed,B
135,50,9,2025-11-01 17:48:59.537328,Passed,B
136,51,1,2025-11-01 17:48:59.537328,Passed,B
137,51,2,2025-11-01 17:48:59.537328,Failed,F
138,51,3,2025-11-01 17:48:59.537328,Passed,B
139,51,4,2025-11-01 17:48:59.537328,Passed,B
140,51,5,2025-11-01 17:48:59.537328,Passed,B
141,51,6,2025-11-01 17:48:59.537328,Passed,B
142,51,7,2025-11-01 17:48:59.537328,Passed,B
143,51,8,2025-11-01 17:48:59.537328,Passed,B
144,51,9,2025-11-01 17:48:59.537328,Passed,B
145,52,1,2025-11-01 17:48:59.537328,Passed,B
146,52,2,2025-11-01 17:48:59.537328,Failed,F
147,52,3,2025-11-01 17:48:59.537328,Passed,B
148,52,4,2025-11-01 17:48:59.537328,Passed,B
149,52,5,2025-11-01 17:48:59.537328,Passed,B
150,52,6,2025-11-01 17:48:59.537328,Passed,B
151,52,7,2025-11-01 17:48:59.537328,Passed,B
152,52,8,2025-11-01 17:48:59.537328,Passed,B
153,52,9,2025-11-01 17:48:59.537328,Passed,B
154,53,1,2025-11-01 17:48:59.537328,Passed,B
155,53,2,2025-11-01 17:48:59.537328,Failed,F
156,53,3,2025-11-01 17:48:59.537328,Passed,B
157,53,4,2025-11-01 17:48:59.537328,Passed,B
158,53,5,2025-11-01 17:48:59.537328,Passed,B
159,53,6,2025-11-01 17:48:59.537328,Passed,B
160,53,7,2025-11-01 17:48:59.537328,Passed,B
161,53,8,2025-11-01 17:48:59.537328,Passed,B
162,53,9,2025-11-01 17:48:59.537328,Passed,B
163,54,1,2025-11-01 17:48:59.537328,Failed,F
164,54,2,2025-11-01 17:48:59.537328,Passed,B
165,54,3,2025-11-01 17:48:59.537328,Passed,B
166,54,4,2025-11-01 17:48:59.537328,Passed,B
167,54,5,2025-11-01 17:48:59.537328,Passed,B
168,54,6,2025-11-01 17:48:59.537328,Passed,B
169,54,7,2025-11-01 17:48:59.537328,Passed,B
170,54,8,2025-11-01 17:48:59.537328,Passed,B
171,54,9,2025-11-01 17:48:59.537328,Passed,B
172,55,1,2025-11-01 17:48:59.537328,Failed,F
173,55,2,2025-11-01 17:48:59.537328,Passed,B
174,55,3,2025-11-01 17:48:59.537328,Passed,B
175,55,4,2025-11-01 17:48:59.537328,Passed,B
176,55,5,2025-11-01 17:48:59.537328,Passed,B
177,55,6,2025-11-01 17:48:59.537328,Passed,B
178,55,7,2025-11-01 17:48:59.537328,Passed,B
179,55,8,2025-11-01 17:48:59.537328,Passed,B
180,55,9,2025-11-01 17:48:59.537328,Passed,B
181,56,1,2025-11-01 17:48:59.537328,Failed,F
182,56,2,2025-11-01 17:48:59.537328,Passed,B
183,56,3,2025-11-01 17:48:59.537328,Passed,B
184,56,4,2025-11-01 17:48:59.537328,Passed,B
185,56,5,2025-11-01 17:48:59.537328,Passed,B
186,56,6,2025-11-01 17:48:59.537328,Passed,B
187,56,7,2025-11-01 17:48:59.537328,Passed,B
188,56,8,2025-11-01 17:48:59.537328,Passed,B
189,56,9,2025-11-01 17:48:59.537328,Passed,B
190,57,1,2025-11-01 17:48:59.537328,Failed,F
191,57,2,2025-11-01 17:48:59.537328,Passed,B
192,57,3,2025-11-01 17:48:59.537328,Passed,B
193,57,4,2025-11-01 17:48:59.537328,Passed,B
194,57,5,2025-11-01 17:48:59.537328,Passed,B
195,57,6,2025-11-01 17:48:59.537328,Passed,B
196,57,7,2025-11-01 17:48:59.537328,Passed,B
197,57,8,2025-11-01 17:48:59.537328,Passed,B
198,57,9,2025-11-01 17:48:59.537328,Passed,B
199,58,1,2025-11-01 17:48:59.537328,Failed,F
200,58,2,2025-11-01 17:48:59.537328,Passed,B
201,58,3,2025-11-01 17:48:59.537328,Passed,B
202,58,4,2025-11-01 17:48:59.537328,Passed,B
203,58,5,2025-11-01 17:48:59.537328,Passed,B
204,58,6,2025-11-01 17:48:59.537328,Passed,B
205,58,7,2025-11-01 17:48:59.537328,Passed,B
206,58,8,2025-11-01 17:48:59.537328,Passed,B
207,58,9,2025-11-01 17:48:59.537328,Passed,B
208,59,1,2025-11-01 17:48:59.537328,Passed,B
209,59,2,2025-11-01 17:48:59.537328,Passed,B
210,59,3,2025-11-01 17:48:59.537328,Passed,B
211,59,4,2025-11-01 17:48:59.537328,Passed,B
212,59,5,2025-11-01 17:48:59.537328,Passed,B
213,59,6,2025-11-01 17:48:59.537328,Passed,B
214,59,7,2025-11-01 17:48:59.537328,Passed,B
215,59,8,2025-11-01 17:48:59.537328,Passed,B
216,59,9,2025-11-01 17:48:59.537328,Passed,B
217,60,1,2025-11-01 17:48:59.537328,Passed,B
218,60,2,2025-11-01 17:48:59.537328,Passed,B
219,60,3,2025-11-01 17:48:59.537328,Passed,B
220,60,4,2025-11-01 17:48:59.537328,Passed,B
221,60,5,2025-11-01 17:48:59.537328,Passed,B
222,60,6,2025-11-01 17:48:59.537328,Passed,B
223,60,7,2025-11-01 17:48:59.537328,Passed,B
224,60,8,2025-11-01 17:48:59.537328,Passed,B
225,60,9,2025-11-01 17:48:59.537328,Passed,B
226,61,1,2025-11-01 17:48:59.537328,Passed,B
227,61,2,2025-11-01 17:48:59.537328,Passed,B
228,61,3,2025-11-01 17:48:59.537328,Passed,B
229,61,4,2025-11-01 17:48:59.537328,Passed,B
230,61,5,2025-11-01 17:48:59.537328,Passed,B
231,61,6,2025-11-01 17:48:59.537328,Passed,B
232,61,7,2025-11-01 17:48:59.537328,Passed,B
233,61,8,2025-11-01 17:48:59.537328,Passed,B
234,61,9,2025-11-01 17:48:59.537328,Passed,B
235,62,1,2025-11-01 17:48:59.537328,Passed,B
236,62,2,2025-11-01 17:48:59.537328,Passed,B
237,62,3,2025-11-01 17:48:59.537328,Passed,B
238,62,4,2025-11-01 17:48:59.537328,Passed,B
239,62,5,2025-11-01 17:48:59.537328,Passed,B
240,62,6,2025-11-01 17:48:59.537328,Passed,B
241,62,7,2025-11-01 17:48:59.537328,Passed,B
242,62,8,2025-11-01 17:48:59.537328,Passed,B
243,62,9,2025-11-01 17:48:59.537328,Passed,B
244,63,1,2025-11-01 17:48:59.537328,Passed,B
245,63,2,2025-11-01 17:48:59.537328,Passed,B
246,63,3,2025-11-01 17:48:59.537328,Passed,B
247,63,4,2025-11-01 17:48:59.537328,Passed,B
248,63,5,2025-11-01 17:48:59.537328,Passed,B
249,63,6,2025-11-01 17:48:59.537328,Passed,B
250,63,7,2025-11-01 17:48:59.537328,Passed,B
251,63,8,2025-11-01 17:48:59.537328,Passed,B
252,63,9,2025-11-01 17:48:59.537328,Passed,B
253,64,1,2025-11-01 17:48:59.537328,Passed,B
254,64,2,2025-11-01 17:48:59.537328,Passed,B
255,64,3,2025-11-01 17:48:59.537328,Passed,B
256,64,4,2025-11-01 17:48:59.537328,Passed,B
257,64,5,2025-11-01 17:48:59.537328,Passed,B
258,64,6,2025-11-01 17:48:59.537328,Passed,B
259,64,7,2025-11-01 17:48:59.537328,Passed,B
260,64,8,2025-11-01 17:48:59.537328,Passed,B
261,64,9,2025-11-01 17:48:59.537328,Passed,B
262,65,1,2025-11-01 17:48:59.537328,Passed,B
263,65,2,2025-11-01 17:48:59.537328,Passed,B
264,65,3,2025-11-01 17:48:59.537328,Passed,B
265,65,4,2025-11-01 17:48:59.537328,Passed,B
266,65,5,2025-11-01 17:48:59.537328,Passed,B
267,65,6,2025-11-01 17:48:59.537328,Passed,B
268,65,7,2025-11-01 17:48:59.537328,Passed,B
269,65,8,2025-11-01 17:48:59.537328,Passed,B
270,65,9,2025-11-01 17:48:59.537328,Passed,B
271,66,1,2025-11-01 17:48:59.537328,Passed,B
272,66,2,2025-11-01 17:48:59.537328,Passed,B
273,66,3,2025-11-01 17:48:59.537328,Passed,B
274,66,4,2025-11-01 17:48:59.537328,Passed,B
275,66,5,2025-11-01 17:48:59.537328,Passed,B
276,66,6,2025-11-01 17:48:59.537328,Passed,B
277,66,7,2025-11-01 17:48:59.537328,Passed,B
278,66,8,2025-11-01 17:48:59.537328,Passed,B
279,66,9,2025-11-01 17:48:59.537328,Passed,B
280,67,1,2025-11-01 17:48:59.537328,Passed,B
281,67,2,2025-11-01 17:48:59.537328,Passed,B
282,67,3,2025-11-01 17:48:59.537328,Passed,B
283,67,4,2025-11-01 17:48:59.537328,Passed,B
284,67,5,2025-11-01 17:48:59.537328,Passed,B
285,67,6,2025-11-01 17:48:59.537328,Passed,B
286,67,7,2025-11-01 17:48:59.537328,Passed,B
287,67,8,2025-11-01 17:48:59.537328,Passed,B
288,67,9,2025-11-01 17:48:59.537328,Passed,B
289,68,1,2025-11-01 17:48:59.537328,Passed,B
290,68,2,2025-11-01 17:48:59.537328,Passed,B
291,68,3,2025-11-01 17:48:59.537328,Passed,B
292,68,4,2025-11-01 17:48:59.537328,Passed,B
293,68,5,2025-11-01 17:48:59.537328,Passed,B
294,68,6,2025-11-01 17:48:59.537328,Passed,B
295,68,7,2025-11-01 17:48:59.537328,Passed,B
296,68,8,2025-11-01 17:48:59.537328,Passed,B
297,68,9,2025-11-01 17:48:59.537328,Passed,B
298,69,1,2025-11-01 17:48:59.537328,Passed,B
299,69,2,2025-11-01 17:48:59.537328,Passed,B
300,69,3,2025-11-01 17:48:59.537328,Passed,B
301,69,4,2025-11-01 17:48:59.537328,Passed,B
302,69,5,2025-11-01 17:48:59.537328,Passed,B
303,69,6,2025-11-01 17:48:59.537328,Passed,B
304,69,7,2025-11-01 17:48:59.537328,Passed,B
305,69,8,2025-11-01 17:48:59.537328,Passed,B
306,69,9,2025-11-01 17:48:59.537328,Passed,B
307,70,1,2025-11-01 17:48:59.537328,Passed,B
308,70,2,2025-11-01 17:48:59.537328,Passed,B
309,70,3,2025-11-01 17:48:59.537328,Passed,B
310,70,4,2025-11-01 17:48:59.537328,Passed,B
311,70,5,2025-11-01 17:48:59.537328,Passed,B
312,70,6,2025-11-01 17:48:59.537328,Passed,B
313,70,7,2025-11-01 17:48:59.537328,Passed,B
314,70,8,2025-11-01 17:48:59.537328,Passed,B
315,70,9,2025-11-01 17:48:59.537328,Passed,B
316,71,1,2025-11-01 17:48:59.537328,Passed,B
317,71,2,2025-11-01 17:48:59.537328,Passed,B
318,71,3,2025-11-01 17:48:59.537328,Passed,B
319,71,4,2025-11-01 17:48:59.537328,Passed,B
320,71,5,2025-11-01 17:48:59.537328,Passed,B
321,71,6,2025-11-01 17:48:59.537328,Passed,B
322,71,7,2025-11-01 17:48:59.537328,Passed,B
323,71,8,2025-11-01 17:48:59.537328,Passed,B
324,71,9,2025-11-01 17:48:59.537328,Passed,B
325,72,1,2025-11-01 17:48:59.537328,Passed,B
326,72,2,2025-11-01 17:48:59.537328,Passed,B
327,72,3,2025-11-01 17:48:59.537328,Passed,B
328,72,4,2025-11-01 17:48:59.537328,Passed,B
329,72,5,2025-11-01 17:48:59.537328,Passed,B
330,72,6,2025-11-01 17:48:59.537328,Passed,B
331,72,7,2025-11-01 17:48:59.537328,Passed,B
332,72,8,2025-11-01 17:48:59.537328,Passed,B
333,72,9,2025-11-01 17:48:59.537328,Passed,B
334,73,1,2025-11-01 17:48:59.537328,Passed,B
335,73,2,2025-11-01 17:48:59.537328,Passed,B
336,73,3,2025-11-01 17:48:59.537328,Passed,B
337,73,4,2025-11-01 17:48:59.537328,Passed,B
338,73,5,2025-11-01 17:48:59.537328,Passed,B
339,73,6,2025-11-01 17:48:59.537328,Passed,B
340,73,7,2025-11-01 17:48:59.537328,Passed,B
341,73,8,2025-11-01 17:48:59.537328,Passed,B
342,73,9,2025-11-01 17:48:59.537328,Passed,B
343,74,1,2025-11-01 17:48:59.537328,Passed,B
344,74,2,2025-11-01 17:48:59.537328,Passed,B
345,74,3,2025-11-01 17:48:59.537328,Passed,B
346,74,4,2025-11-01 17:48:59.537328,Passed,B
347,74,5,2025-11-01 17:48:59.537328,Passed,B
348,74,6,2025-11-01 17:48:59.537328,Passed,B
349,74,7,2025-11-01 17:48:59.537328,Passed,B
350,74,8,2025-11-01 17:48:59.537328,Passed,B
351,74,9,2025-11-01 17:48:59.537328,Passed,B
352,75,1,2025-11-01 17:48:59.537328,Passed,B
353,75,2,2025-11-01 17:48:59.537328,Passed,B
354,75,3,2025-11-01 17:48:59.537328,Passed,B
355,75,4,2025-11-01 17:48:59.537328,Passed,B
356,75,5,2025-11-01 17:48:59.537328,Passed,B
357,75,6,2025-11-01 17:48:59.537328,Passed,B
358,75,7,2025-11-01 17:48:59.537328,Passed,B
359,75,8,2025-11-01 17:48:59.537328,Passed,B
360,75,9,2025-11-01 17:48:59.537328,Passed,B
361,76,1,2025-11-01 17:48:59.537328,Passed,B
362,76,2,2025-11-01 17:48:59.537328,Passed,B
363,76,3,2025-11-01 17:48:59.537328,Passed,B
364,76,4,2025-11-01 17:48:59.537328,Passed,B
365,76,5,2025-11-01 17:48:59.537328,Passed,B
366,76,6,2025-11-01 17:48:59.537328,Passed,B
367,76,7,2025-11-01 17:48:59.537328,Passed,B
368,76,8,2025-11-01 17:48:59.537328,Passed,B
369,76,9,2025-11-01 17:48:59.537328,Passed,B
370,77,1,2025-11-01 17:48:59.537328,Passed,B
371,77,2,2025-11-01 17:48:59.537328,Passed,B
372,77,3,2025-11-01 17:48:59.537328,Passed,B
373,77,4,2025-11-01 17:48:59.537328,Passed,B
374,77,5,2025-11-01 17:48:59.537328,Passed,B
375,77,6,2025-11-01 17:48:59.537328,Passed,B
376,77,7,2025-11-01 17:48:59.537328,Passed,B
377,77,8,2025-11-01 17:48:59.537328,Passed,B
378,77,9,2025-11-01 17:48:59.537328,Passed,B
379,78,1,2025-11-01 17:48:59.537328,Passed,B
380,78,2,2025-11-01 17:48:59.537328,Passed,B
381,78,3,2025-11-01 17:48:59.537328,Passed,B
382,78,4,2025-11-01 17:48:59.537328,Passed,B
383,78,5,2025-11-01 17:48:59.537328,Passed,B
384,78,6,2025-11-01 17:48:59.537328,Passed,B
385,78,7,2025-11-01 17:48:59.537328,Passed,B
386,78,8,2025-11-01 17:48:59.537328,Passed,B
387,78,9,2025-11-01 17:48:59.537328,Passed,B
388,79,1,2025-11-01 17:48:59.537328,Passed,B
389,79,2,2025-11-01 17:48:59.537328,Passed,B
390,79,3,2025-11-01 17:48:59.537328,Passed,B
391,79,4,2025-11-01 17:48:59.537328,Passed,B
392,79,5,2025-11-01 17:48:59.537328,Passed,B
393,79,6,2025-11-01 17:48:59.537328,Passed,B
394,79,7,2025-11-01 17:48:59.537328,Passed,B
395,79,8,2025-11-01 17:48:59.537328,Passed,B
396,79,9,2025-11-01 17:48:59.537328,Passed,B
397,80,1,2025-11-01 17:48:59.537328,Passed,B
398,80,2,2025-11-01 17:48:59.537328,Passed,B
399,80,3,2025-11-01 17:48:59.537328,Passed,B
400,80,4,2025-11-01 17:48:59.537328,Passed,B
401,80,5,2025-11-01 17:48:59.537328,Passed,B
402,80,6,2025-11-01 17:48:59.537328,Passed,B
403,80,7,2025-11-01 17:48:59.537328,Passed,B
404,80,8,2025-11-01 17:48:59.537328,Passed,B
405,80,9,2025-11-01 17:48:59.537328,Passed,B
406,81,1,2025-11-01 17:48:59.537328,Passed,B
407,81,2,2025-11-01 17:48:59.537328,Passed,B
408,81,3,2025-11-01 17:48:59.537328,Passed,B
409,81,4,2025-11-01 17:48:59.537328,Passed,B
410,81,5,2025-11-01 17:48:59.537328,Passed,B
411,81,6,2025-11-01 17:48:59.537328,Passed,B
412,81,7,2025-11-01 17:48:59.537328,Passed,B
413,81,8,2025-11-01 17:48:59.537328,Passed,B
414,81,9,2025-11-01 17:48:59.537328,Passed,B
415,82,1,2025-11-01 17:48:59.537328,Passed,B
416,82,2,2025-11-01 17:48:59.537328,Passed,B
417,82,3,2025-11-01 17:48:59.537328,Passed,B
418,82,4,2025-11-01 17:48:59.537328,Passed,B
419,82,5,2025-11-01 17:48:59.537328,Passed,B
420,82,6,2025-11-01 17:48:59.537328,Passed,B
421,82,7,2025-11-01 17:48:59.537328,Passed,B
422,82,8,2025-11-01 17:48:59.537328,Passed,B
423,82,9,2025-11-01 17:48:59.537328,Passed,B
424,83,1,2025-11-01 17:48:59.537328,Passed,B
425,83,2,2025-11-01 17:48:59.537328,Passed,B
426,83,3,2025-11-01 17:48:59.537328,Passed,B
427,83,4,2025-11-01 17:48:59.537328,Passed,B
428,83,5,2025-11-01 17:48:59.537328,Passed,B
429,83,6,2025-11-01 17:48:59.537328,Passed,B
430,83,7,2025-11-01 17:48:59.537328,Passed,B
431,83,8,2025-11-01 17:48:59.537328,Passed,B
432,83,9,2025-11-01 17:48:59.537328,Passed,B
433,84,1,2025-11-01 17:48:59.537328,Passed,B
434,84,2,2025-11-01 17:48:59.537328,Passed,B
435,84,3,2025-11-01 17:48:59.537328,Passed,B
436,84,4,2025-11-01 17:48:59.537328,Passed,B
437,84,5,2025-11-01 17:48:59.537328,Passed,B
438,84,6,2025-11-01 17:48:59.537328,Passed,B
439,84,7,2025-11-01 17:48:59.537328,Passed,B
440,84,8,2025-11-01 17:48:59.537328,Passed,B
441,84,9,2025-11-01 17:48:59.537328,Passed,B
442,85,1,2025-11-01 17:48:59.537328,Passed,B
443,85,2,2025-11-01 17:48:59.537328,Passed,B
444,85,3,2025-11-01 17:48:59.537328,Passed,B
445,85,4,2025-11-01 17:48:59.537328,Passed,B
446,85,5,2025-11-01 17:48:59.537328,Passed,B
447,85,6,2025-11-01 17:48:59.537328,Passed,B
448,85,7,2025-11-01 17:48:59.537328,Passed,B
449,85,8,2025-11-01 17:48:59.537328,Passed,B
450,85,9,2025-11-01 17:48:59.537328,Passed,B
451,137,1,2026-05-09 15:25:37.854182,Enrolled,
452,137,2,2026-05-09 15:25:42.903664,Enrolled,
453,137,3,2026-05-09 15:25:47.43284,Enrolled,
454,137,4,2026-05-09 15:25:52.752611,Enrolled,
455,137,5,2026-05-09 15:25:59.822609,Enrolled,
456,137,6,2026-05-09 15:26:04.045489,Enrolled,
457,137,7,2026-05-09 15:26:10.095604,Enrolled,
458,137,8,2026-05-09 15:26:15.428753,Enrolled,
459,137,10,2026-05-09 15:26:20.301165,Enrolled,